{
  "project_info": {
    "project_number": "234973952181",
    "project_id": "smartkey-87097",
    "storage_bucket": "smartkey-87097.appspot.com"
  },
  "client": [
    {
      "client_info": {
        "mobilesdk_app_id": "1:234973952181:android:248fdee6fbe42f30faa6fc",
        "android_client_info": {
          "package_name": "com.mandala.smartkey"
        }
      },
      "oauth_client": [
        {
          "client_id": "234973952181-tsdv9ccncnkheqfs404cjs2a00s55uti.apps.googleusercontent.com",
          "client_type": 1,
          "android_info": {
            "package_name": "com.mandala.smartkey",
            "certificate_hash": "eb0dc529419c4ccae7f0a1890e28f595c82314bf"
          }
        },
        {
          "client_id": "234973952181-aaajgdtn9cn30gt50iju6k5o6mi84cl1.apps.googleusercontent.com",
          "client_type": 3
        }
      ],
      "api_key": [
        {
          "current_key": "AIzaSyDtAo-wFt-SsFWmy2mxzm5TnJgfBkV0GNg"
        }
      ],
      "services": {
        "appinvite_service": {
          "other_platform_oauth_client": [
            {
              "client_id": "234973952181-aaajgdtn9cn30gt50iju6k5o6mi84cl1.apps.googleusercontent.com",
              "client_type": 3
            }
          ]
        }
      }
    }
  ],
  "configuration_version": "1"
}